{"Version":2,"SourceFileDate":132437295039901884,"Flags":["FL_BITMAP_COMPRESSION","FL_BITMAP_MIPMAP","FL_BITMAP_QUALITY_HIGH","FL_BITMAP_PRECOMPUTED_INV_AVG"],"InvAvgColor":[10.549806594848633,9.5639581680297852,8.860112190246582]}