{"Version":2,"SourceFileDate":132437294741052055,"Flags":["FL_BITMAP_COMPRESSION","FL_BITMAP_MIPMAP","FL_BITMAP_QUALITY_HIGH","FL_BITMAP_PRECOMPUTED_INV_AVG"],"InvAvgColor":[24.431751251220703,24.548376083374023,22.894794464111328]}