{"Version":2,"SourceFileDate":132437295259656586,"Flags":["FL_BITMAP_COMPRESSION","FL_BITMAP_MIPMAP","FL_BITMAP_QUALITY_HIGH","FL_BITMAP_PRECOMPUTED_INV_AVG"],"InvAvgColor":[31.468929290771484,31.178396224975586,37.325523376464844],"HasTransp":true}